filename,travel_no
001-1.jpg,001 
001-2.jpg,001 
001-3.jpg,001 
001-4.jpg,001 
001-5.jpg,001 
002-1.jpg,002 
002-2.jpg,002 
002-3.jpg,002 
002-4.jpg,002 
002-5.jpg,002 
003-1.jpg,003 
003-2.jpg,003 
003-3.jpg,003 
003-4.jpg,003 
003-5.jpg,003 
004-1.jpg,004 
004-2.jpg,004 
004-3.jpg,004 
004-4.jpg,004 
004-5.jpg,004 
005-1.jpg,005 
005-2.jpg,005 
005-3.jpg,005 
005-4.jpg,005 
005-5.jpg,005 
006-1.jpg,006 
006-2.jpg,006 
006-3.jpg,006 
006-4.jpg,006 
006-5.jpg,006 
007-1.jpg,007 
007-2.jpg,007 
007-3.jpg,007 
007-4.jpg,007 
007-5.jpg,007 
008-1.jpg,008 
008-2.jpg,008 
008-3.jpg,008 
008-4.jpg,008 
008-5.jpg,008 
009-1.jpg,009 
009-2.jpg,009 
009-3.jpg,009 
009-4.jpg,009 
009-5.jpg,009 
010-1.jpg,010 
010-2.jpg,010 
010-3.jpg,010 
010-4.jpg,010 
010-5.jpg,010 
011-1.jpg,011 
011-2.jpg,011 
011-3.jpg,011 
011-4.jpg,011 
011-5.jpg,011 
012-1.jpg,012 
012-2.jpg,012 
012-3.jpg,012 
012-4.jpg,012 
012-5.jpg,012 
013-1.jpg,013 
013-2.jpg,013 
013-3.jpg,013 
013-4.jpg,013 
013-5.jpg,013 
014-1.jpg,014 
014-2.jpg,014 
014-3.jpg,014 
014-4.jpg,014 
014-5.jpg,014 
015-1.jpg,015 
015-2.jpg,015 
015-3.jpg,015 
015-4.jpg,015 
015-5.jpg,015 
016-1.jpg,016 
016-2.jpg,016 
016-3.jpg,016 
016-4.jpg,016 
016-5.jpg,016 
017-1.jpg,017 
017-2.jpg,017 
017-3.jpg,017 
017-4.jpg,017 
017-5.jpg,017 
018-1.jpg,018 
018-2.jpg,018 
018-3.jpg,018 
018-4.jpg,018 
018-5.jpg,018 
019-1.jpg,019 
019-2.jpg,019 
019-3.jpg,019 
019-4.jpg,019 
019-5.jpg,019 
020-1.jpg,020 
020-2.jpg,020 
020-3.jpg,020 
020-4.jpg,020 
020-5.jpg,020 
021-1.jpg,021 
021-2.jpg,021 
021-3.jpg,021 
021-4.jpg,021 
021-5.jpg,021 
022-1.jpg,022 
022-2.jpg,022 
022-3.jpg,022 
022-4.jpg,022 
022-5.jpg,022 
023-1.jpg,023 
023-2.jpg,023 
023-3.jpg,023 
023-4.jpg,023 
023-5.jpg,023 
024-1.jpg,024 
024-2.jpg,024 
024-3.jpg,024 
024-4.jpg,024 
024-5.jpg,024 
025-1.jpg,025 
025-2.jpg,025 
025-3.jpg,025 
025-4.jpg,025 
025-5.jpg,025 
026-1.jpg,026 
026-2.jpg,026 
026-3.jpg,026 
026-4.jpg,026 
026-5.jpg,026 
027-1.jpg,027 
027-2.jpg,027 
027-3.jpg,027 
027-4.jpg,027 
027-5.jpg,027 
028-1.jpg,028 
028-2.jpg,028 
028-3.jpg,028 
028-4.jpg,028 
028-5.jpg,028 
029-1.jpg,029 
029-2.jpg,029 
029-3.jpg,029 
029-4.jpg,029 
029-5.jpg,029 
030-1.jpg,030 
030-2.jpg,030 
030-3.jpg,030 
030-4.jpg,030 
030-5.jpg,030 
031-1.jpg,031 
031-2.jpg,031 
031-3.jpg,031 
031-4.jpg,031 
031-5.jpg,031 
032-1.jpg,032 
032-2.jpg,032 
032-3.jpg,032 
032-4.jpg,032 
032-5.jpg,032 
033-1.jpg,033 
033-2.jpg,033 
033-3.jpg,033 
033-4.jpg,033 
033-5.jpg,033 
034-1.jpg,034 
034-2.jpg,034 
034-3.jpg,034 
034-4.jpg,034 
034-5.jpg,034 
035-1.jpg,035 
035-2.jpg,035 
035-3.jpg,035 
035-4.jpg,035 
035-5.jpg,035 
036-1.jpg,036 
036-2.jpg,036 
036-3.jpg,036 
036-4.jpg,036 
036-5.jpg,036 
037-1.jpg,037 
037-2.jpg,037 
037-3.jpg,037 
037-4.jpg,037 
037-5.jpg,037 
038-1.jpg,038 
038-2.jpg,038 
038-3.jpg,038 
038-4.jpg,038 
038-5.jpg,038 
039-1.jpg,039 
039-2.jpg,039 
039-3.jpg,039 
039-4.jpg,039 
039-5.jpg,039 
040-1.jpg,040 
040-2.jpg,040 
040-3.jpg,040 
040-4.jpg,040 
040-5.jpg,040 
041-1.jpg,041 
041-2.jpg,041 
041-3.jpg,041 
041-4.jpg,041 
041-5.jpg,041 
042-1.jpg,042 
042-2.jpg,042 
042-3.jpg,042 
042-4.jpg,042 
042-5.jpg,042 
043-1.jpg,043 
043-2.jpg,043 
043-3.jpg,043 
043-4.jpg,043 
043-5.jpg,043 
044-1.jpg,044 
044-2.jpg,044 
044-3.jpg,044 
044-4.jpg,044 
044-5.jpg,044 
045-1.jpg,045 
045-2.jpg,045 
045-3.jpg,045 
045-4.jpg,045 
045-5.jpg,045 
046-1.jpg,046 
046-2.jpg,046 
046-3.jpg,046 
046-4.jpg,046 
046-5.jpg,046 
047-1.jpg,047 
047-2.jpg,047 
047-3.jpg,047 
047-4.jpg,047 
047-5.jpg,047 
048-1.jpg,048 
048-2.jpg,048 
048-3.jpg,048 
048-4.jpg,048 
048-5.jpg,048 
049-1.jpg,049 
049-2.jpg,049 
049-3.jpg,049 
049-4.jpg,049 
049-5.jpg,049 
050-1.jpg,050 
050-2.jpg,050 
050-3.jpg,050 
050-4.jpg,050 
050-5.jpg,050 
051-1.jpg,051 
051-2.jpg,051 
051-3.jpg,051 
051-4.jpg,051 
051-5.jpg,051 
052-1.jpg,052 
052-2.jpg,052 
052-3.jpg,052 
052-4.jpg,052 
052-5.jpg,052 
053-1.jpg,053 
053-2.jpg,053 
053-3.jpg,053 
053-4.jpg,053 
053-5.jpg,053 
054-1.jpg,054 
054-2.jpg,054 
054-3.jpg,054 
054-4.jpg,054 
054-5.jpg,054 
055-1.jpg,055 
055-2.jpg,055 
055-3.jpg,055 
055-4.jpg,055 
055-5.jpg,055 
056-1.jpg,056 
056-2.jpg,056 
056-3.jpg,056 
056-4.jpg,056 
056-5.jpg,056 
057-1.jpg,057 
057-2.jpg,057 
057-3.jpg,057 
057-4.jpg,057 
057-5.jpg,057 
058-1.jpg,058 
058-2.jpg,058 
058-3.jpg,058 
058-4.jpg,058 
058-5.jpg,058 
059-1.jpg,059 
059-2.jpg,059 
059-3.jpg,059 
059-4.jpg,059 
059-5.jpg,059 
060-1.jpg,060 
060-2.jpg,060 
060-3.jpg,060 
060-4.jpg,060 
060-5.jpg,060 
061-1.jpg,061 
061-2.jpg,061 
061-3.jpg,061 
061-4.jpg,061 
061-5.jpg,061 
062-1.jpg,062 
062-2.jpg,062 
062-3.jpg,062 
062-4.jpg,062 
062-5.jpg,062 
063-1.jpg,063 
063-2.jpg,063 
063-3.jpg,063 
063-4.jpg,063 
063-5.jpg,063 
064-1.jpg,064 
064-2.jpg,064 
064-3.jpg,064 
064-4.jpg,064 
064-5.jpg,064 
065-1.jpg,065 
065-2.jpg,065 
065-3.jpg,065 
065-4.jpg,065 
065-5.jpg,065 
066-1.jpg,066 
066-2.jpg,066 
066-3.jpg,066 
066-4.jpg,066 
066-5.jpg,066 
067-1.jpg,067 
067-2.jpg,067 
067-3.jpg,067 
067-4.jpg,067 
067-5.jpg,067 
068-1.jpg,068 
068-2.jpg,068 
068-3.jpg,068 
068-4.jpg,068 
068-5.jpg,068 
069-1.jpg,069 
069-2.jpg,069 
069-3.jpg,069 
069-4.jpg,069 
069-5.jpg,069 
070-1.jpg,070 
070-2.jpg,070 
070-3.jpg,070 
070-4.jpg,070 
070-5.jpg,070 
071-1.jpg,071 
071-2.jpg,071 
071-3.jpg,071 
071-4.jpg,071 
071-5.jpg,071 
072-1.JPG,072 
072-2.jpg,072 
072-3.jpg,072 
072-4.jpg,072 
072-5.jpg,072 
073-1.jpg,073 
073-2.jpg,073 
073-3.jpg,073 
073-4.jpg,073 
073-5.jpg,073 
074-1.jpg,074 
074-2.jpg,074 
074-3.jpg,074 
074-4.jpg,074 
074-5.jpg,074 
075-1.jpg,075 
075-2.jpg,075 
075-3.jpg,075 
075-4.jpg,075 
075-5.jpg,075 
076-1.jpg,076 
076-2.jpg,076 
076-3.jpg,076 
076-4.jpg,076 
076-5.jpg,076 
077-1.jpg,077 
077-2.jpg,077 
077-3.jpg,077 
077-4.jpg,077 
077-5.jpg,077 
078-1.jpg,078 
078-2.jpg,078 
078-3.jpg,078 
078-4.jpg,078 
078-5.jpg,078 
079-1.jpg,079 
079-2.jpg,079 
079-3.jpg,079 
079-4.jpg,079 
079-5.jpg,079 
080-1.jpg,080 
080-2.jpg,080 
080-3.jpg,080 
080-4.jpg,080 
080-5.jpg,080 
081-1.jpg,081 
081-2.jpg,081 
081-3.jpg,081 
081-4.jpg,081 
081-5.jpg,081 
082-1.jpg,082 
082-2.jpg,082 
082-3.jpg,082 
082-4.jpg,082 
082-5.jpg,082 
083-1.jpg,083 
083-2.jpg,083 
083-3.jpg,083 
083-4.jpg,083 
083-5.jpg,083 
084-1.jpg,084 
084-2.jpg,084 
084-3.jpg,084 
084-4.jpg,084 
084-5.jpg,084 
085-1.jpg,085 
085-2.jpg,085 
085-3.jpg,085 
085-4.jpg,085 
085-5.jpg,085 
086-1.jpg,086 
086-2.jpg,086 
086-3.jpg,086 
086-4.jpg,086 
086-5.jpg,086 
087-1.jpg,087 
087-2.jpg,087 
087-3.jpg,087 
087-4.jpg,087 
087-5.jpg,087 
088-1.jpg,088 
088-2.jpg,088 
088-3.jpg,088 
088-4.jpg,088 
088-5.jpg,088 
089-1.jpg,089 
089-2.jpg,089 
089-3.jpg,089 
089-4.jpg,089 
089-5.jpg,089 
090-1.jpg,090 
090-2.jpg,090 
090-3.jpg,090 
090-4.jpg,090 
090-5.jpg,090 
091-1.jpg,091 
091-2.jpg,091 
091-3.jpg,091 
091-4.jpg,091 
091-5.jpg,091 
092-1.jpg,092 
092-2.jpg,092 
092-3.jpg,092 
092-4.jpg,092 
092-5.jpg,092 
093-1.jpg,093 
093-2.jpg,093 
093-3.jpg,093 
093-4.jpg,093 
093-5.jpg,093 
094-1.jpg,094 
094-2.jpg,094 
094-3.jpg,094 
094-4.jpg,094 
094-5.jpg,094 
095-1.jpg,095 
095-2.jpg,095 
095-3.jpg,095 
095-4.jpg,095 
095-5.jpg,095 
096-1.jpg,096 
096-2.jpg,096 
096-3.jpg,096 
096-4.jpg,096 
096-5.jpg,096 
097-1.jpg,097 
097-2.jpg,097 
097-3.jpg,097 
097-4.jpg,097 
097-5.jpg,097 
098-1.jpg,098 
098-2.jpg,098 
098-3.jpg,098 
098-4.jpg,098 
098-5.jpg,098 
099-1.jpg,099 
099-2.jpg,099 
099-3.jpg,099 
099-4.jpg,099 
099-5.jpg,099 
100-1.jpg,100 
100-2.jpg,100 
100-3.jpg,100 
100-4.jpg,100 
100-5.jpg,100 
101-1.jpg,101 
101-2.jpg,101 
101-3.jpg,101 
101-4.jpg,101 
101-5.jpg,101 
102-1.jpg,102 
102-2.jpg,102 
102-3.jpg,102 
102-4.jpg,102 
102-5.jpg,102 
103-1.jpg,103 
103-2.jpg,103 
103-3.jpg,103 
103-4.jpg,103 
103-5.jpg,103 
104-1.jpg,104 
104-2.jpg,104 
104-3.jpg,104 
104-4.jpg,104 
104-5.jpg,104 
105-1.jpg,105 
105-2.jpg,105 
105-3.jpg,105 
105-4.jpg,105 
105-5.jpg,105 
106-1.jpg,106 
106-2.jpg,106 
106-3.jpg,106 
106-4.jpg,106 
106-5.jpg,106 
107-1.jpg,107 
107-2.jpg,107 
107-3.jpg,107 
107-4.jpg,107 
107-5.jpg,107 
108-1.jpg,108 
108-2.jpg,108 
108-3.jpg,108 
108-4.jpg,108 
108-5.jpg,108 
109-1.jpg,109 
109-2.jpg,109 
109-3.jpg,109 
109-4.jpg,109 
109-5.jpg,109 
110-1.jpg,110 
110-2.jpg,110 
110-3.jpg,110 
110-4.jpg,110 
110-5.jpg,110 
111-1.jpg,111 
111-2.jpg,111 
111-3.jpg,111 
111-4.jpg,111 
111-5.jpg,111 
112-1.jpg,112 
112-2.jpg,112 
112-3.jpg,112 
112-4.jpg,112 
112-5.jpg,112 